customer_id,first_name,last_name,email,address_id
1,Burtie,Bellas,burtie.bellas@yahoo.com,56
2,Connie,Blevin,connie.blevin@gmail.com,100
3,Tasia,Wankling,tasia.wankling@yahoo.com.au,12
4,Arlee,Wardlaw,arlee.wardlaw@aol.com,81
5,Gwenni,Johansen,gwenni.johansen@yahoo.com,60
6,Payton,Nutbean,payton.nutbean@gmail.com,38
7,Heall,Luggar,heall.luggar@yahoo.co.uk,16
8,Darb,Schiementz,darb.schiementz@gmail.com,85
9,Margarita,Verralls,margarita.verralls@hotmail.com,58
10,Fields,Carillo,fields.carillo@yahoo.com,28
11,Darcey,MacGettigen,darcey.macgettigen@gmail.com,99
12,Alexandrina,Husbands,alexandrina.husbands@wanadoo.fr,71
13,Anselm,Annesley,anselm.annesley@gmx.de,43
14,Libbey,Suttle,libbey.suttle@yahoo.co.in,15
15,Myriam,Ritson,myriam.ritson@bluewin.ch,27
16,Garey,Grinvalds,garey.grinvalds@charter.net,68
17,Tandi,Smedmore,tandi.smedmore@gmail.com,75
18,Field,Charlewood,field.charlewood@hotmail.com,72
19,Bibbye,Sharland,bibbye.sharland@gmail.com,62
20,Faber,Draye,faber.draye@aol.com,69
21,Donielle,Yewdall,donielle.yewdall@gmail.com,1
22,Babbette,Chomley,babbette.chomley@rambler.ru,56
23,Jenelle,Fransson,jenelle.fransson@hotmail.fr,20
24,Alta,Carey,alta.carey@yahoo.com,56
25,Maggy,Habishaw,maggy.habishaw@hotmail.com,58
26,Edee,Kingshott,edee.kingshott@hotmail.fr,52
27,Barbi,Camerello,barbi.camerello@yahoo.com,40
28,Brandie,Ortler,brandie.ortler@hotmail.com,65
29,Celinda,Ballentime,celinda.ballentime@gmail.com,11
30,Judi,Beadel,judi.beadel@yahoo.com,35
31,Zondra,Kears,zondra.kears@hotmail.com,64
32,Bertrando,Wase,bertrando.wase@comcast.net,53
33,Deina,Timson,deina.timson@hotmail.fr,11
34,Louisa,Plessing,louisa.plessing@gmail.com,77
35,Elbertina,Pebworth,elbertina.pebworth@hotmail.com,48
36,Karlan,Ingerfield,karlan.ingerfield@hotmail.com,91
37,Chad,Salzberg,chad.salzberg@hotmail.com,93
38,Korie,Sandiland,korie.sandiland@yahoo.com,9
39,Cyndy,Pietrowski,cyndy.pietrowski@yahoo.com,57
40,Dinny,McCafferky,dinny.mccafferky@yahoo.com,99
41,Whittaker,Gadsdon,whittaker.gadsdon@hotmail.com,64
42,Ida,Band,ida.band@yahoo.com,93
43,Mickey,Keigher,mickey.keigher@aol.com,91
44,Noam,Boatwright,noam.boatwright@yahoo.com,33
45,Guglielma,Hutchins,guglielma.hutchins@yahoo.com,69
46,Tracy,Tedorenko,tracy.tedorenko@gmail.com,52
47,Ruy,Rue,ruy.rue@ymail.com,31
48,Eduard,Fevers,eduard.fevers@earthlink.net,71
49,Deanna,Ziemsen,deanna.ziemsen@yahoo.fr,42
50,Nerta,Rubel,nerta.rubel@hotmail.com,45
51,Tommie,McCoy,tommie.mccoy@hotmail.it,62
52,Nara,Kender,nara.kender@gmail.com,6
53,Lay,Deaconson,lay.deaconson@yahoo.com,50
54,Jolie,Pashby,jolie.pashby@outlook.com,47
55,Rene,Gooms,rene.gooms@yahoo.com,81
56,Gerardo,Leathers,gerardo.leathers@rediffmail.com,90
57,Gwyn,Ferencowicz,gwyn.ferencowicz@ymail.com,69
58,Papagena,Ramsbotham,papagena.ramsbotham@yahoo.com,47
59,Christie,Luxmoore,christie.luxmoore@yahoo.com,45
60,Minetta,Marielle,minetta.marielle@sbcglobal.net,79
61,Dougie,Haxby,dougie.haxby@aol.com,81
62,Rici,Ormrod,rici.ormrod@aol.com,37
63,Henrie,Evered,henrie.evered@gmail.com,48
64,Leupold,Norssister,leupold.norssister@gmail.com,81
65,Corry,Gutsell,corry.gutsell@gmail.com,84
66,Andy,Gerald,andy.gerald@hotmail.com,33
67,Vinita,MacRorie,vinita.macrorie@mail.ru,97
68,Randee,Spaxman,randee.spaxman@yahoo.com,15
69,Rabi,Whelpdale,rabi.whelpdale@hotmail.com,25
70,Goldina,Somerscales,goldina.somerscales@aol.com,16
71,Ania,Renwick,ania.renwick@free.fr,99
72,Francoise,Pfiffer,francoise.pfiffer@hotmail.com,59
73,Maura,Teaser,maura.teaser@hotmail.com,32
74,Cull,Inman,cull.inman@hotmail.com,73
75,Dal,Easman,dal.easman@gmail.com,18
76,Robbie,O' Bee,robbie.obee@yahoo.com,88
77,Deloris,Stonhouse,deloris.stonhouse@yahoo.com,44
78,Lindy,Dow,lindy.dow@wanadoo.fr,40
79,Lilian,Biford,lilian.biford@yahoo.com,38
80,Bard,Sired,bard.sired@yahoo.com,17
81,Syd,Sember,syd.sember@aol.com,3
82,Jaynell,Staterfield,jaynell.staterfield@yahoo.com,8
83,Mikel,Cran,mikel.cran@skynet.be,63
84,Pasquale,Francino,pasquale.francino@hotmail.com,21
85,Anatola,Ibberson,anatola.ibberson@hotmail.com,24
86,Yetty,Teulier,yetty.teulier@yahoo.fr,57
87,Axe,Oldacre,axe.oldacre@hotmail.com,45
88,Clemmy,Domsalla,clemmy.domsalla@gmail.com,76
89,Kori,Pattemore,kori.pattemore@cox.net,33
90,Jackson,Anthes,jackson.anthes@hotmail.com,17
91,Dynah,Conre,dynah.conre@yahoo.com,75
92,Kendrick,Dallemore,kendrick.dallemore@orange.fr,96
93,Loralee,Wolsey,loralee.wolsey@gmail.com,6
94,Gram,Keets,gram.keets@yahoo.com,13
95,Brady,Griffiths,brady.griffiths@hotmail.com,76
96,Durand,Senyard,durand.senyard@gmail.com,85
97,Brig,Follit,brig.follit@gmail.com,87
98,Wynne,Murdie,wynne.murdie@qq.com,39
99,Burton,Niezen,burton.niezen@gmail.com,78
100,Rosabella,O'Doghesty,rosabella.odoghesty@rediffmail.com,48
